Zieldatei	Wikifile	Quell-URL	Lizenzhinweis
car_infernus.png	Infernus-GTAIV-front.png	https://static.wikia.nocookie.net/gtawiki/images/3/3c/Infernus-GTAIV-front.png/revision/latest?cb=20160826200318	Screenshot (c) Rockstar Games, Quelle gta.fandom.com, privater Mod-Gebrauch
car_turismo.png	Turismo-GTAIV-FrontQuarter.png	https://static.wikia.nocookie.net/gtawiki/images/7/70/Turismo-GTAIV-FrontQuarter.png/revision/latest?cb=20160218193335	Screenshot (c) Rockstar Games, Quelle gta.fandom.com, privater Mod-Gebrauch
car_comet.png	Comet-GTAIV-front.png	https://static.wikia.nocookie.net/gtawiki/images/f/ff/Comet-GTAIV-front.png/revision/latest?cb=20170223191100	Screenshot (c) Rockstar Games, Quelle gta.fandom.com, privater Mod-Gebrauch
car_banshee.png	Banshee-GTAIV-front.png	https://static.wikia.nocookie.net/gtawiki/images/1/13/Banshee-GTAIV-front.png/revision/latest?cb=20160826195613	Screenshot (c) Rockstar Games, Quelle gta.fandom.com, privater Mod-Gebrauch
car_supergt.png	SuperGT-GTAIV-FrontQuarter.png	https://static.wikia.nocookie.net/gtawiki/images/4/4e/SuperGT-GTAIV-FrontQuarter.png/revision/latest?cb=20160302172457	Screenshot (c) Rockstar Games, Quelle gta.fandom.com, privater Mod-Gebrauch
car_sultanrs.png	SultanRS-GTAIV-front.png	https://static.wikia.nocookie.net/gtawiki/images/8/83/SultanRS-GTAIV-front.png/revision/latest?cb=20160523142419	Screenshot (c) Rockstar Games, Quelle gta.fandom.com, privater Mod-Gebrauch
car_sabregt.png	Sabre-GTAIV-FrontQuarter.png	https://static.wikia.nocookie.net/gtawiki/images/6/6b/Sabre-GTAIV-FrontQuarter.png/revision/latest?cb=20160811150513	Screenshot (c) Rockstar Games, Quelle gta.fandom.com, privater Mod-Gebrauch
car_schafter.png	Schafter-GTAIV-front.png	https://static.wikia.nocookie.net/gtawiki/images/6/6d/Schafter-GTAIV-front.png/revision/latest?cb=20170122142823	Screenshot (c) Rockstar Games, Quelle gta.fandom.com, privater Mod-Gebrauch
car_patriot.png	Patriot-GTAIV-front.png	https://static.wikia.nocookie.net/gtawiki/images/3/35/Patriot-GTAIV-front.png/revision/latest?cb=20170223191432	Screenshot (c) Rockstar Games, Quelle gta.fandom.com, privater Mod-Gebrauch
car_rebla.png	Rebla-GTAIV-FrontQuarter.jpg	https://static.wikia.nocookie.net/gtawiki/images/b/b8/Rebla-GTAIV-FrontQuarter.jpg/revision/latest?cb=20210713153240	Screenshot (c) Rockstar Games, Quelle gta.fandom.com, privater Mod-Gebrauch
car_huntley.png	Huntley-GTAIV-FrontQuarter.png	https://static.wikia.nocookie.net/gtawiki/images/3/3f/Huntley-GTAIV-FrontQuarter.png/revision/latest?cb=20160221150634	Screenshot (c) Rockstar Games, Quelle gta.fandom.com, privater Mod-Gebrauch
car_sentinel.png	Sentinel-GTAIV-Front.jpg	https://static.wikia.nocookie.net/gtawiki/images/1/11/Sentinel-GTAIV-Front.jpg/revision/latest?cb=20131020165207	Screenshot (c) Rockstar Games, Quelle gta.fandom.com, privater Mod-Gebrauch
car_cavalcade.png	Cavalcade-GTAIV-front.png	https://static.wikia.nocookie.net/gtawiki/images/6/67/Cavalcade-GTAIV-front.png/revision/latest?cb=20170128143449	Screenshot (c) Rockstar Games, Quelle gta.fandom.com, privater Mod-Gebrauch
car_dukes.png	Dukes-GTAIV-front.png	https://static.wikia.nocookie.net/gtawiki/images/6/69/Dukes-GTAIV-front.png/revision/latest?cb=20170123214310	Screenshot (c) Rockstar Games, Quelle gta.fandom.com, privater Mod-Gebrauch
car_primo.png	Primo-GTAIV-front.png	https://static.wikia.nocookie.net/gtawiki/images/2/28/Primo-GTAIV-front.png/revision/latest?cb=20170122142816	Screenshot (c) Rockstar Games, Quelle gta.fandom.com, privater Mod-Gebrauch
car_voodoo.png	Voodoo-GTAIV-front.png	https://static.wikia.nocookie.net/gtawiki/images/a/aa/Voodoo-GTAIV-front.png/revision/latest?cb=20170122145551	Screenshot (c) Rockstar Games, Quelle gta.fandom.com, privater Mod-Gebrauch
