lre_business_01	GTADB.ORG / CC BY 4.0
lre_business_02	GTADB.ORG / CC BY 4.0
lre_business_03	GTADB.ORG / CC BY 4.0
lre_business_04	GTADB.ORG / CC BY 4.0
lre_business_05	GTADB.ORG / CC BY 4.0
lre_business_06	GTADB.ORG / CC BY 4.0
lre_business_07	GTADB.ORG / CC BY 4.0
lre_business_08	GTADB.ORG / CC BY 4.0
lre_business_09	GTADB.ORG / CC BY 4.0
lre_business_10	GTADB.ORG / CC BY 4.0
lre_business_11	GTADB.ORG / CC BY 4.0
lre_business_12	GTADB.ORG / CC BY 4.0
lre_business_13	GTADB.ORG / CC BY 4.0
lre_business_14	GTADB.ORG / CC BY 4.0
lre_business_15	GTADB.ORG / CC BY 4.0
lre_business_16	GTADB.ORG / CC BY 4.0
lre_business_17	GTADB.ORG / CC BY 4.0
lre_business_18	GTADB.ORG / CC BY 4.0
lre_business_19	GTADB.ORG / CC BY 4.0
lre_business_20	GTADB.ORG / CC BY 4.0
lre_business_21	GTADB.ORG / CC BY 4.0
lre_business_22	GTADB.ORG / CC BY 4.0
lre_business_23	GTADB.ORG / CC BY 4.0
lre_business_24	GTADB.ORG / CC BY 4.0
lre_business_25	GTADB.ORG / CC BY 4.0
lre_business_26	GTADB.ORG / CC BY 4.0
lre_business_27	GTADB.ORG / CC BY 4.0
lre_business_28	GTADB.ORG / CC BY 4.0
lre_business_29	GTADB.ORG / CC BY 4.0
lre_business_30	GTADB.ORG / CC BY 4.0
lre_business_31	GTADB.ORG / CC BY 4.0
lre_business_32	GTADB.ORG / CC BY 4.0
lre_business_33	GTADB.ORG / CC BY 4.0
lre_business_34	GTADB.ORG / CC BY 4.0
lre_business_35	GTADB.ORG / CC BY 4.0
lre_business_36	GTADB.ORG / CC BY 4.0
lre_business_37	GTADB.ORG / CC BY 4.0
lre_business_38	GTADB.ORG / CC BY 4.0
lre_business_39	GTADB.ORG / CC BY 4.0
lre_business_40	GTADB.ORG / CC BY 4.0
lre_garage_01	GTADB.ORG / CC BY 4.0
lre_garage_02	GTADB.ORG / CC BY 4.0
lre_garage_03	GTADB.ORG / CC BY 4.0
lre_garage_04	GTADB.ORG / CC BY 4.0
lre_garage_05	GTADB.ORG / CC BY 4.0
lre_garage_06	GTADB.ORG / CC BY 4.0
lre_garage_07	GTADB.ORG / CC BY 4.0
lre_garage_08	GTADB.ORG / CC BY 4.0
lre_garage_09	GTADB.ORG / CC BY 4.0
lre_garage_10	GTADB.ORG / CC BY 4.0
